ticker,current_price,base_dcf_value,mc_mean_iv,growth_rate,discount_rate,beta,revenue_growth,fcf_yield,dcf_over_price,mc_mean_over_price,mc_std_over_price,prob_undervalued,net_cash_per_share_over_price,margin_vs_undervalued_threshold,threshold_verdict,call_date
AAPL,310.66,106.06642850701905,117.99775168942155,-0.039450634871626145,0.07291,1.097,0.166,0.02164626161106641,0.34142286907557795,0.37982923997109874,0.1366789642046621,0.002,-0.0035513477395268398,-0.6201707600289013,OVERVALUED,2026-07-08
MSFT,388.84,202.1195739695855,231.59902529526167,0.03202605420584792,0.0739,1.13,0.183,0.024791996030039856,0.5198013938112991,0.5956152281022058,0.21948506830329423,0.0628,-0.016342201257561695,-0.40438477189779426,OVERVALUED,2026-07-08
GOOGL,367.03,300.84123794917224,328.996254827885,0.06879140249222915,0.07741,1.247,0.218,0.034023054259268756,0.819663891096565,0.8963742877363841,0.3423332754200877,0.2778,0.01437897262761019,-0.10362571226361592,OVERVALUED,2026-07-08
META,615.58,1239.3926356444413,1219.3729620207525,0.3,0.07738,1.246,0.331,0.03410828244998056,2.0133737867449253,1.9808521427284065,0.8515421983547977,0.952,-0.004134359824800616,0.9808521427284065,UNDERVALUED,2026-07-08
NVDA,196.93,161.29474754282953,150.56098136071827,0.3,0.1,2.0,0.852,0.02026817859502347,0.8190460952766441,0.7645406050917497,0.24452409621150586,0.134,0.00846107744631927,-0.2354593949082503,OVERVALUED,2026-07-08
TSLA,402.9,24.36412736223087,17.778742572169634,-0.062633415093298,0.09406,1.802,0.158,0.004110545528378308,0.06047189715123076,0.044126936143384546,0.012273211601777304,0.0,0.019067776675164645,-0.9558730638566155,OVERVALUED,2026-07-08
V,352.2,401.82220180927743,444.4160324544154,0.06467227726661684,0.064,0.8,0.171,0.0369121648753919,1.140892111894598,1.2618285986780677,0.4733776544746677,0.6506,-0.017214955675229127,0.2618285986780677,UNDERVALUED,2026-07-08
MA,531.62,928.6525101452702,1053.1966252488032,0.17623427286242377,0.064,0.8,0.158,0.035245040169681045,1.7468351644883002,1.9811079817328228,0.8710127453733915,0.9224,-0.023036995505304615,0.9811079817328228,UNDERVALUED,2026-07-08
HD,345.21,246.25133850980652,342.6292438240843,0.032290999550243615,0.06853,0.951,0.048,0.03673870361879377,0.7133377900692521,0.9925240978653119,0.3764698872426859,0.3844,-0.18049783586295165,-0.007475902134688066,FAIRLY VALUED,2026-07-08
UNH,428.19,205.1125278073488,293.727036359129,-0.1,0.064,0.8,0.02,0.041338960325539374,0.4790222280000673,0.6859736013431631,0.24816347869614636,0.1114,-0.12006429542787954,-0.31402639865683696,OVERVALUED,2026-07-08
XOM,141.69,73.09150465870239,94.60820996223988,-0.1,0.064,0.8,0.026,0.0402044916787273,0.5158550685207312,0.6677126823504826,0.2406603535365284,0.0952,-0.0667906718733772,-0.33228731764951736,OVERVALUED,2026-07-08
CVX,174.01,100.59822294129557,139.23038124588223,-0.1,0.064,0.8,0.023,0.04787655678332416,0.5781174814165598,0.8001286204579175,0.294254771510757,0.2146,-0.11571225525687018,-0.19987137954208245,OVERVALUED,2026-07-08
KO,84.05,10.673589283164732,20.584763079935367,-0.1,0.064,0.8,0.121,0.01464505996918162,0.12699094923455959,0.24491092302124173,0.08947356491584546,0.0,-0.08524607833554144,-0.7550890769787583,OVERVALUED,2026-07-08
PEP,144.98,183.90649169727206,236.94331532395472,0.11037622910555944,0.064,0.8,0.085,0.03871734750665457,1.268495597304953,1.6343172528897416,0.6519846406522134,0.8538,-0.21145162544844467,0.6343172528897416,UNDERVALUED,2026-07-08
WMT,111.54,53.63949218146277,67.70718067808478,0.07584931135670359,0.064,0.8,0.073,0.01681191727301348,0.48089915887988854,0.6070215230238908,0.23579941268040974,0.0606,-0.07302025493523075,-0.3929784769761092,OVERVALUED,2026-07-08
COST,947.5,1354.6994465808916,1329.493334288399,0.3,0.06616,0.872,0.215,0.01865081269034201,1.4297619488980386,1.403159191861107,0.6026581077921134,0.7244,0.0021370967728241803,0.4031591918611071,UNDERVALUED,2026-07-08
MCD,282.21,284.88578994529007,395.6752410701728,0.0940177544032661,0.064,0.8,0.094,0.03583827936606976,1.0094815560940082,1.402059604798458,0.5509909867419659,0.747,-0.2679392730703235,0.40205960479845787,UNDERVALUED,2026-07-08
NKE,43.21,30.804368296703345,37.62730816348111,-0.09643491560240325,0.07383999999999999,1.128,-0.011,0.06305184359281935,0.7128990580121116,0.87080092949505,0.3242084349811258,0.2488,-0.0387031744294026,-0.12919907050495003,OVERVALUED,2026-07-08
DIS,97.48,289.6591723999023,304.6384858315171,0.3,0.08194,1.398,0.065,0.0595303030339136,2.9714728395558296,3.1251383445990673,1.2725316991817002,0.9978,-0.24620273746553253,2.125138344599067,UNDERVALUED,2026-07-08
NFLX,76.18,112.6321476545067,110.0140357298845,0.3,0.08551,1.517,0.162,0.029494025038549018,1.4785002317472655,1.4441327872129757,0.5764529593883442,0.812,-0.013884187852953927,0.44413278721297567,UNDERVALUED,2026-07-08
ADBE,221.54,600.5647902280093,664.4196322744058,0.10029506958590018,0.08299000000000001,1.433,0.127,0.11187553335911059,2.7108639082242907,2.999095568630522,1.1195899558525706,1.0,-0.016477003116548938,1.999095568630522,UNDERVALUED,2026-07-08
CRM,169.52,1048.0623056270656,1069.103811688871,0.3,0.07533999999999999,1.178,0.133,0.10373324436561814,6.182528938338046,6.306652971265166,2.6328234045104164,1.0,-0.22120202528319563,5.306652971265167,UNDERVALUED,2026-07-08
AMD,516.11,166.34275403852322,154.00798083394199,0.29308334009308634,0.1,2.0,0.378,0.008002906039535783,0.3223009707979369,0.29840146641983684,0.09771575658763905,0.0008,0.010071659917202873,-0.7015985335801632,OVERVALUED,2026-07-08
QCOM,182.97,446.3755428887653,482.09191658548133,0.23330649006511273,0.08914,1.638,-0.035,0.06647640518001573,2.439610553034734,2.6348139945645808,1.0536537622868547,0.9956,-0.028369140636383502,1.6348139945645808,UNDERVALUED,2026-07-08
CSCO,111.79,68.55841792429099,80.34079363892957,0.013898544116964118,0.07021,1.007,0.12,0.030157985731150867,0.613278628896064,0.7186760321936628,0.26548951807627824,0.1456,-0.03713236254508019,-0.2813239678063372,OVERVALUED,2026-07-08
IBM,306.13,395.8848291851504,513.645999575101,0.10617435101575201,0.064,0.8,0.095,0.03981203288021433,1.2931918766052017,1.677868877846343,0.6922346970229601,0.8708,-0.20164594922889617,0.677868877846343,UNDERVALUED,2026-07-08
TXN,293.3,20.50516990394587,35.385111133909795,-0.1,0.07930000000000001,1.31,0.186,0.00975161239856682,0.06991193284672986,0.12064477031677392,0.04305264054707102,0.0,-0.03351812303406368,-0.8793552296832261,OVERVALUED,2026-07-08
AVGO,370.78,179.1437342153454,209.84364528258178,0.1816540426343054,0.08385999999999999,1.462,0.479,0.015257234809279702,0.4831537143733357,0.5659518994621657,0.23425702910806154,0.0508,-0.0256681420437081,-0.4340481005378343,OVERVALUED,2026-07-08
PYPL,45.65,117.07619316487161,132.38271568639678,0.028980365440431477,0.07996,1.332,0.072,0.13817383544316827,2.5646482621001447,2.8999499602715617,1.0362387723612985,1.0,-0.05781247630601941,1.8999499602715613,UNDERVALUED,2026-07-08
CAT,940.12,329.6508507598452,459.8359707973098,0.12987626741358516,0.08695,1.565,0.222,0.017212004656184183,0.35064763089801854,0.48912476151694445,0.185977959912444,0.0222,-0.09179889629245114,-0.5108752384830556,OVERVALUED,2026-07-08
GE,366.98,177.85816253065767,208.6343590358029,0.11395514846114008,0.08044000000000001,1.348,0.247,0.01897180849978811,0.4846535574981134,0.5685169737746005,0.2209939337951845,0.0456,-0.028050280542135632,-0.4314830262253995,OVERVALUED,2026-07-08
HON,225.05,404.9383333543703,544.7787279369624,0.06346989909521827,0.0679,0.93,0.024,0.07604294280707291,1.799326075780361,2.420700857307098,0.9407516169713096,0.9984,-0.3556852055450734,1.4207008573070976,UNDERVALUED,2026-07-08
MMM,158.01,18.21905427428853,37.64932615213487,-0.1,0.07243,1.081,0.013,0.016939107433949184,0.11530317242129316,0.23827179388731645,0.08998138755111186,0.0006,-0.08868762952308037,-0.7617282061126835,OVERVALUED,2026-07-08
LMT,535.38,762.9320950707695,918.7744447952617,0.04051911024828336,0.064,0.8,0.003,0.055962798759836986,1.4250291289752504,1.7161164869723593,0.6223216713418813,0.9212,-0.15232607143885288,0.7161164869723593,UNDERVALUED,2026-07-08
RTX,200.85,272.53484764403834,326.9122146250252,0.1924114973812372,0.064,0.8,0.087,0.02753609276674518,1.3569073818473405,1.6276435878766502,0.7226807859531155,0.8212,-0.1187401541997215,0.6276435878766501,UNDERVALUED,2026-07-08
UPS,111.96,48.65408277726486,93.16770357629194,-0.1,0.0709,1.03,-0.016,0.05700626761715873,0.43456665574548825,0.832151693250196,0.3061167225658569,0.2336,-0.27348651902091164,-0.16784830674980397,OVERVALUED,2026-07-08
FDX,312.88,74.90971162723264,219.40480618872303,-0.00965078303809841,0.08011,1.337,0.125,0.039930195525830915,0.23941994255699514,0.7012426687187517,0.24615498050139872,0.1016,-0.39691767685673995,-0.2987573312812483,OVERVALUED,2026-07-08
T,21.09,111.24798308530826,145.39433386608897,0.16182694896604244,0.064,0.8,0.029,0.1326732507865773,5.274916220261179,6.893994019255048,3.0961455258873527,1.0,-1.0085063854075196,5.893994019255048,UNDERVALUED,2026-07-08
VZ,42.59,254.529431486871,329.12578905233784,0.23676515035658485,0.064,0.8,0.029,0.11064060925433344,5.976272164519159,7.727771520364823,3.4985400263975213,1.0,-1.082564076713772,6.727771520364822,UNDERVALUED,2026-07-08
TMO,516.62,219.62123673658186,353.4891863645017,-0.03074299981574713,0.06604,0.868,0.062,0.032778247156438414,0.42511175861674316,0.684234420588637,0.25433779411988483,0.1132,-0.20785253739229576,-0.31576557941136296,OVERVALUED,2026-07-08
ABBV,254.65,111.91255539022123,170.1403694460776,-0.09764361948343492,0.064,0.8,0.124,0.03959869717717142,0.4394759685459306,0.6681341819991267,0.2471350880082949,0.0966,-0.14118483289057698,-0.33186581800087334,OVERVALUED,2026-07-08
PFE,24.07,14.012841239928504,26.823408115433896,-0.1,0.064,0.8,0.054,0.06615124766042982,0.5821703880319279,1.1143916956972952,0.40433964857061594,0.5312,-0.37649719018542344,0.11439169569729521,FAIRLY VALUED,2026-07-08
MRK,128.86,72.31939549154181,97.321548324297,-0.05630542280676165,0.064,0.8,0.049,0.03883597960041533,0.5612245498334767,0.7552502586085441,0.2781102169941358,0.1776,-0.13641294797358514,-0.24474974139145594,OVERVALUED,2026-07-08
LLY,1235.56,191.97957475939353,255.38019162699646,0.09038703757109423,0.064,0.8,0.555,0.00541296055293515,0.1553785933175188,0.2066918576410668,0.07947077080332395,0.0,-0.03456888737619547,-0.7933081423589332,OVERVALUED,2026-07-08
BMY,57.97,147.28623015608414,178.3280832819669,0.02442373363500816,0.064,0.8,0.026,0.10850754006636965,2.540731933001279,3.07621327034616,1.1298279793948056,1.0,-0.30362682129622476,2.07621327034616,UNDERVALUED,2026-07-08
GILD,136.36,206.70786518145817,236.56312646840016,0.042584000699299684,0.064,0.8,0.044,0.055853360068436976,1.515898101946745,1.734842523235554,0.6647871126675281,0.9252,-0.07298857063194587,0.7348425232355539,UNDERVALUED,2026-07-08
AMGN,368.1,226.6385064144628,338.82169608643915,-0.02669769694613533,0.064,0.8,0.058,0.04077182254862026,0.6156981972683042,0.920461005396466,0.3312894263593892,0.3488,-0.22794469036326645,-0.07953899460353403,OVERVALUED,2026-07-08
SBUX,103.61,21.58225227703852,45.575470426848476,-0.01509365177616906,0.06906999999999999,0.969,0.088,0.020680138243929547,0.20830279197991045,0.4398752092157946,0.16308374114436228,0.0088,-0.19230496283431103,-0.5601247907842054,OVERVALUED,2026-07-08
LOW,220.9,298.4746212732183,409.5180844822124,0.0421346483675451,0.0655,0.85,0.103,0.061771262314470436,1.3511752886972308,1.8538618582264028,0.706659227699476,0.9636,-0.33723506942639236,0.8538618582264027,UNDERVALUED,2026-07-08
CMG,34.35,50.996156667018695,61.94071856773389,0.19701190502328325,0.06892,0.964,0.074,0.03285354413198887,1.4846042697822035,1.8032232479689632,0.8140129612902554,0.8912,-0.09927979754142721,0.8032232479689632,UNDERVALUED,2026-07-08
BKNG,181.95,406.74515241165363,461.92477034732735,0.13676371886731986,0.07225000000000001,1.075,0.162,0.06445177658604652,2.2354776169917763,2.538745646316721,1.0878172198434797,0.9948,-0.022356325938219374,1.538745646316721,UNDERVALUED,2026-07-08
ABT,95.84,76.20029575185958,99.74534370538703,-0.017784072013788288,0.064,0.8,0.078,0.044298580230829186,0.7950782111003712,1.040748577894272,0.3749351261246699,0.4536,-0.16078677644644357,0.04074857789427197,FAIRLY VALUED,2026-07-08
JNJ,267.24,211.60345803542634,244.9351822947287,0.039680905732483396,0.064,0.8,0.099,0.03002154515719978,0.7918105748968206,0.9165363803873996,0.33628159211428665,0.3378,-0.05119813894323127,-0.08346361961260035,OVERVALUED,2026-07-08
PG,152.75,138.49376561106482,160.9797198719265,0.0115848859193739,0.064,0.8,0.074,0.03948343234066272,0.9066694966354488,1.0538770531713684,0.37946823629421145,0.468,-0.06949804100628147,0.05387705317136828,FAIRLY VALUED,2026-07-08
TCS.NS,2080.4,4385.670839061701,4701.393841748613,0.07251639943779664,0.064,0.8,0.096,0.0637007555855948,2.108090193742406,2.2598509141264245,0.8503301804836859,0.991,0.039586456439655436,1.2598509141264242,UNDERVALUED,2026-07-08
INFY.NS,1073.5,40.231039971719575,43.634372697893156,0.13784680172214703,0.064,0.8,0.066,0.0008588471836436551,0.03747651604258927,0.0406468306454524,0.016673183029813653,0.0,0.0006301586729353153,-0.9593531693545475,OVERVALUED,2026-07-08
HDFCBANK.NS,825.75,5079.923365110964,5437.261438159157,0.2673846108688158,0.064,0.8,-0.018,0.08879221603464589,6.1518902393108865,6.584633894228467,2.9184335113187743,1.0,-0.2174619529660776,5.584633894228467,UNDERVALUED,2026-07-08
HINDUNILVR.NS,2168.0,1130.3362798673431,1199.5449643850834,0.030824031721338185,0.064,0.8,0.043,0.018920618354425753,0.5213728228170402,0.5532956477790976,0.20434773316632546,0.0334,0.01082664561805789,-0.4467043522209025,OVERVALUED,2026-07-08
ITC.NS,283.9,326.5225473312419,335.6248649987153,0.0030249075396249214,0.064,0.8,-0.05,0.04577140542819379,1.1501322554816553,1.1821939591360173,0.42583574185747686,0.5838,0.062161622151936956,0.1821939591360173,UNDERVALUED,2026-07-08
LT.NS,3968.9,901.5879385761536,1448.1996675671276,-0.1,0.064,0.8,0.117,0.021852550482471728,0.2271631783557544,0.36488691263753875,0.13474224809063154,0.0012,-0.08952520455187443,-0.6351130873624613,OVERVALUED,2026-07-08
BHARTIARTL.NS,1895.8,7931.853248352259,8798.710545541442,0.2504107252770602,0.064,0.8,0.157,0.06412506282759282,4.18390824367141,4.64115969276371,2.0539403822613806,0.9998,-0.1279767300403296,3.6411596927637104,UNDERVALUED,2026-07-08
ASIANPAINT.NS,2690.2,4248.104580426617,4298.583655848564,0.2679111244732988,0.064,0.8,0.106,0.021717641343184584,1.5791036281416315,1.5978676885913927,0.7088011303670868,0.8098,0.018118689849762157,0.5978676885913927,UNDERVALUED,2026-07-08
MARUTI.NS,14270.0,22981.970220792264,21626.58256388579,0.3,0.064,0.8,0.282,0.019396527427809677,1.6105094758789253,1.5155278601181352,0.6508472207938057,0.7824,0.03843353333891802,0.5155278601181352,UNDERVALUED,2026-07-08
WIPRO.NS,174.84,430.4891049346137,427.8940659780547,0.04921128054384649,0.064,0.8,0.077,0.07731510380859855,2.462188886608406,2.4473465224093727,0.8872223337411572,0.9986,0.1967816388286888,1.4473465224093724,UNDERVALUED,2026-07-08
HCLTECH.NS,1160.1,1955.8848314532354,2115.2105866016077,0.04307732646633822,0.064,0.8,0.053,0.05910556428687575,1.6859622717466043,1.8233002211892146,0.675322591521438,0.9516,0.0008458215350557809,0.8233002211892146,UNDERVALUED,2026-07-08
ULTRACEMCO.NS,11511.0,12365.28919864373,13918.008080448646,0.2526529440608578,0.064,0.8,0.03,0.016650263414221385,1.0742150289847736,1.2091050369601812,0.5321033454057095,0.5862,-0.05503275878035827,0.20910503696018123,UNDERVALUED,2026-07-08
SUNPHARMA.NS,1894.2,3092.2676263975936,2916.162862887515,0.3,0.064,0.8,0.128,0.019384286766327623,1.6324926757457467,1.5395221533563062,0.6549103392704985,0.7934,0.06140883086385503,0.539522153356306,UNDERVALUED,2026-07-08
TITAN.NS,4598.1,3981.75119293857,4129.969424294775,0.3,0.064,0.8,0.805,0.011493794058520745,0.8659557628017158,0.898190431764158,0.3817608071109417,0.33,-0.06560877601378515,-0.10180956823584199,OVERVALUED,2026-07-08
NESTLEIND.NS,1465.7,,,-0.1,0.064,0.8,0.23,,,,,0.0,0.003099460754337512,,FAIRLY VALUED,2026-07-08
TATASTEEL.NS,188.98,1266.490214633443,1281.437863576711,0.3,0.064,0.8,0.125,0.08700051369675495,6.701715602886248,6.780812062528897,2.8780999788735095,1.0,-0.3496194920336565,5.780812062528897,UNDERVALUED,2026-07-08
POWERGRID.NS,283.05,-96.39192703693789,65.26876090049704,-0.1,0.064,0.8,-0.05,0.013870542030544991,-0.3405473486554951,0.23059092351350305,0.08439235407922412,0.0002,-0.5415600189718958,-0.7694090764864969,OVERVALUED,2026-07-08
NTPC.NS,350.8,-11.699444386562703,117.64364621629058,-0.1,0.064,0.8,0.08,0.02014360647078354,-0.03335075366751056,0.3353581705139412,0.11938096311990978,0.0,-0.3252730244467031,-0.6646418294860589,OVERVALUED,2026-07-08
ONGC.NS,241.73,2335.805786290622,2707.0995516811236,0.18681635113466344,0.064,0.8,0.019,0.19312155014765037,9.66287091503174,11.198856375630347,4.909281391421743,1.0,-0.4571825408667303,10.198856375630346,UNDERVALUED,2026-07-08
COALINDIA.NS,428.65,2279.656677563216,2430.2697450716255,0.1458490923067366,0.064,0.8,0.162,0.11627172159632716,5.318223906597961,5.669589980337398,2.364247078205345,1.0,0.16160203177337518,4.669589980337397,UNDERVALUED,2026-07-08
ADANIPORTS.NS,1838.0,1074.0895686260662,1446.9446821603485,0.22218782224998113,0.064,0.8,0.265,0.011892147173285605,0.5843795259118968,0.7872386736454562,0.3582249228645211,0.2272,-0.13251131336878405,-0.21276132635454378,OVERVALUED,2026-07-08
JSWSTEEL.NS,1233.1,1177.6984752719918,1507.904592480238,0.07127224120739228,0.064,0.8,0.142,0.0348795824210408,0.9550713447992798,1.2228566965211567,0.473574579750086,0.6118,-0.17140100594659813,0.22285669652115658,UNDERVALUED,2026-07-08
HDFCLIFE.NS,570.25,8329.68619535357,8061.525223016384,0.3,0.064,0.8,-0.177,0.18035639922128097,14.607077940120245,14.13682634461444,6.1388195956675045,1.0,-0.010691006108846065,13.13682634461444,UNDERVALUED,2026-07-08
SBILIFE.NS,1822.5,10688.490648627156,11630.508088630275,0.06292956192153665,0.064,0.8,-0.822,0.18780113596781403,5.864741096640414,6.381623093898642,2.3661225955430067,1.0,0.017545010891697032,5.381623093898642,UNDERVALUED,2026-07-08
DIVISLAB.NS,6821.5,247.34634167955335,137.22266158268786,-0.1,0.064,0.8,0.095,0.0012038253471201962,0.03625981700206016,0.02011620048122669,0.007363924669858439,0.0,0.018813912791084575,-0.9798837995187734,OVERVALUED,2026-07-08
DRREDDY.NS,1359.5,331.5827919707288,366.7651631587964,-0.1,0.064,0.8,-0.116,0.01619158468278735,0.24390054576736211,0.2697794506500893,0.09928946516312125,0.0002,0.009251195614076505,-0.7302205493499107,OVERVALUED,2026-07-08
CIPLA.NS,1457.2,270.94057068915805,177.70357024087514,-0.1,0.064,0.8,-0.021,0.007311550348698245,0.18593231587232914,0.12194864825753166,0.04538393338929158,0.0,0.07997291958427383,-0.8780513517424684,OVERVALUED,2026-07-08
BRITANNIA.NS,5396.0,3656.088201161853,3962.5497261644387,0.09857086673766435,0.064,0.8,0.079,0.01851183441086019,0.6775552633732121,0.734349467413721,0.301132441280298,0.1628,0.004698530516811402,-0.26565053258627896,OVERVALUED,2026-07-08
EICHERMOT.NS,7545.0,6799.002598410855,7371.405237257306,0.1814760416406267,0.064,0.8,0.191,0.017042187724058442,0.9011269182784434,0.9769920791593514,0.43518294368943844,0.393,0.027039079732821415,-0.023007920840648642,FAIRLY VALUED,2026-07-08
HEROMOTOCO.NS,4945.2,29832.39104671357,28613.35258978946,0.3,0.064,0.8,0.302,0.07291079270664422,6.032595455535382,5.786086020745261,2.464920621274838,1.0,0.12322309018615572,4.786086020745261,UNDERVALUED,2026-07-08
BAJAJ-AUTO.NS,10181.0,547.8646189910805,1129.6968386912893,-0.1,0.064,0.8,0.37,0.006591997796149397,0.05381245643758772,0.11096128461755125,0.041037693956260377,0.0,-0.041719144043908016,-0.8890387153824488,OVERVALUED,2026-07-08
